timestamp,temperature,humidity,sound_volume,is_simulated_anomaly
2026-05-24T16:51:47.411434+00:00,89.37,42.63,66.98,False
2026-05-24T16:51:47.411579+00:00,75.93,44.29,77.0,False
2026-05-24T16:51:47.411582+00:00,85.47,47.73,60.05,False
2026-05-24T16:51:47.411584+00:00,83.49,53.14,60.59,False
2026-05-24T16:51:47.411586+00:00,74.8,46.22,67.99,False
2026-05-24T16:51:47.411587+00:00,107.47,89.13,119.31,True
2026-05-24T16:51:47.411589+00:00,89.88,53.46,68.17,False
2026-05-24T16:51:47.411591+00:00,84.23,49.33,79.09,False
2026-05-24T16:51:47.411592+00:00,85.92,47.07,61.85,False
2026-05-24T16:51:47.411594+00:00,71.75,49.01,77.81,False
2026-05-24T16:51:47.411595+00:00,89.33,40.62,72.81,False
2026-05-24T16:51:47.411597+00:00,118.87,85.75,120.61,True
2026-05-24T16:51:47.411598+00:00,75.79,43.6,63.36,False
2026-05-24T16:51:47.411600+00:00,75.72,42.82,72.14,False
2026-05-24T16:51:47.411601+00:00,88.9,36.98,66.12,False
2026-05-24T16:51:47.411603+00:00,89.86,35.1,72.64,False
2026-05-24T16:51:47.411606+00:00,120.1,91.82,106.68,True
2026-05-24T16:51:47.411608+00:00,120.82,90.0,104.69,True
2026-05-24T16:51:47.411610+00:00,78.52,36.13,69.97,False
2026-05-24T16:51:47.411612+00:00,72.79,51.12,63.32,False
2026-05-24T16:51:47.411614+00:00,76.57,35.53,60.92,False
2026-05-24T16:51:47.411615+00:00,82.82,46.15,69.42,False
2026-05-24T16:51:47.411617+00:00,73.92,39.49,76.39,False
2026-05-24T16:51:47.411618+00:00,70.08,50.27,76.94,False
2026-05-24T16:51:47.411619+00:00,75.36,50.51,77.58,False
2026-05-24T16:51:47.411621+00:00,79.11,37.56,60.92,False
2026-05-24T16:51:47.411622+00:00,72.71,41.73,71.27,False
2026-05-24T16:51:47.411623+00:00,121.65,87.32,119.85,True
2026-05-24T16:51:47.411625+00:00,86.79,41.84,79.12,False
2026-05-24T16:51:47.411626+00:00,83.52,53.13,79.58,False
2026-05-24T16:51:47.411627+00:00,73.88,48.7,74.07,False
2026-05-24T16:51:47.411632+00:00,73.56,50.76,65.21,False
2026-05-24T16:51:47.411633+00:00,71.64,50.47,65.67,False
2026-05-24T16:51:47.411634+00:00,80.55,39.77,63.2,False
2026-05-24T16:51:47.411636+00:00,71.2,39.24,66.68,False
2026-05-24T16:51:47.411637+00:00,80.32,53.82,60.63,False
2026-05-24T16:51:47.411638+00:00,129.2,70.39,102.16,True
2026-05-24T16:51:47.411640+00:00,87.67,47.26,79.2,False
2026-05-24T16:51:47.411641+00:00,82.61,38.09,74.24,False
2026-05-24T16:51:47.411642+00:00,84.09,41.48,64.39,False
2026-05-24T16:51:47.411643+00:00,82.84,41.59,65.52,False
2026-05-24T16:51:47.411645+00:00,86.82,49.29,60.25,False
2026-05-24T16:51:47.411646+00:00,81.96,43.82,75.54,False
2026-05-24T16:51:47.411647+00:00,85.01,36.09,78.34,False
2026-05-24T16:51:47.411649+00:00,79.52,46.22,62.07,False
2026-05-24T16:51:47.411650+00:00,78.61,38.05,73.89,False
2026-05-24T16:51:47.411651+00:00,87.71,48.95,65.22,False
2026-05-24T16:51:47.411652+00:00,80.05,46.17,74.4,False
2026-05-24T16:51:47.411654+00:00,110.84,76.03,121.77,True
2026-05-24T16:51:47.411655+00:00,73.25,46.21,68.69,False
2026-05-24T16:51:47.411656+00:00,88.07,40.88,67.79,False
2026-05-24T16:51:47.411658+00:00,76.91,43.37,74.13,False
2026-05-24T16:51:47.411659+00:00,78.02,41.59,75.87,False
2026-05-24T16:51:47.411661+00:00,76.64,40.06,77.85,False
2026-05-24T16:51:47.411662+00:00,77.35,53.23,63.7,False
2026-05-24T16:51:47.411663+00:00,123.85,71.15,100.54,True
2026-05-24T16:51:47.411665+00:00,80.3,41.23,77.41,False
2026-05-24T16:51:47.411666+00:00,73.55,52.39,61.15,False
2026-05-24T16:51:47.411667+00:00,75.84,47.92,74.63,False
2026-05-24T16:51:47.411669+00:00,89.63,46.47,79.61,False
2026-05-24T16:51:47.411670+00:00,81.13,36.6,78.27,False
2026-05-24T16:51:47.411671+00:00,80.89,49.97,71.63,False
2026-05-24T16:51:47.411673+00:00,80.61,47.62,66.6,False
2026-05-24T16:51:47.411674+00:00,73.54,48.51,64.32,False
2026-05-24T16:51:47.411675+00:00,73.35,46.88,78.42,False
2026-05-24T16:51:47.411680+00:00,89.33,41.2,73.48,False
2026-05-24T16:51:47.411681+00:00,85.91,51.94,71.59,False
2026-05-24T16:51:47.411683+00:00,124.39,88.09,121.46,True
2026-05-24T16:51:47.411684+00:00,80.85,50.59,68.63,False
2026-05-24T16:51:47.411685+00:00,80.38,45.61,68.18,False
2026-05-24T16:51:47.411687+00:00,82.48,51.93,68.93,False
2026-05-24T16:51:47.411688+00:00,74.15,48.95,71.38,False
2026-05-24T16:51:47.411689+00:00,73.75,37.2,60.44,False
2026-05-24T16:51:47.411691+00:00,85.71,45.44,68.14,False
2026-05-24T16:51:47.411692+00:00,83.74,48.22,71.05,False
2026-05-24T16:51:47.411693+00:00,75.74,50.82,75.66,False
2026-05-24T16:51:47.411694+00:00,86.0,52.64,62.05,False
2026-05-24T16:51:47.411696+00:00,80.79,53.14,67.95,False
2026-05-24T16:51:47.411698+00:00,83.46,42.43,77.86,False
2026-05-24T16:51:47.411699+00:00,73.79,35.31,63.26,False
2026-05-24T16:51:47.411702+00:00,73.67,52.29,79.19,False
2026-05-24T16:51:47.411703+00:00,72.47,36.8,70.36,False
2026-05-24T16:51:47.411705+00:00,87.44,50.73,74.85,False
2026-05-24T16:51:47.411706+00:00,88.91,37.87,69.69,False
2026-05-24T16:51:47.411707+00:00,100.29,87.43,128.51,True
2026-05-24T16:51:47.411709+00:00,75.84,48.42,67.0,False
2026-05-24T16:51:47.411710+00:00,81.07,54.08,66.31,False
2026-05-24T16:51:47.411711+00:00,89.84,44.33,66.74,False
2026-05-24T16:51:47.411713+00:00,74.05,39.81,78.98,False
2026-05-24T16:51:47.411714+00:00,71.41,35.25,60.52,False
2026-05-24T16:51:47.411715+00:00,77.36,50.21,73.34,False
2026-05-24T16:51:47.411717+00:00,73.66,52.62,73.82,False
2026-05-24T16:51:47.411718+00:00,70.32,46.53,77.41,False
2026-05-24T16:51:47.411719+00:00,76.99,50.05,69.89,False
2026-05-24T16:51:47.411721+00:00,87.44,53.56,70.05,False
2026-05-24T16:51:47.411722+00:00,78.74,46.46,70.4,False
2026-05-24T16:51:47.411724+00:00,88.94,45.44,65.45,False
2026-05-24T16:51:47.411725+00:00,82.34,48.96,66.94,False
2026-05-24T16:51:47.411726+00:00,72.35,54.2,74.23,False
2026-05-24T16:51:47.411728+00:00,83.77,53.91,74.72,False
2026-05-24T16:51:47.411729+00:00,84.32,47.79,78.32,False
2026-05-24T16:51:47.411732+00:00,84.84,39.58,65.59,False
2026-05-24T16:51:47.411734+00:00,76.28,40.93,66.59,False
2026-05-24T16:51:47.411735+00:00,85.35,52.99,73.24,False
2026-05-24T16:51:47.411736+00:00,81.28,37.26,73.69,False
2026-05-24T16:51:47.411738+00:00,76.0,41.82,79.03,False
2026-05-24T16:51:47.411740+00:00,88.09,53.59,66.66,False
2026-05-24T16:51:47.411741+00:00,82.66,37.41,70.5,False
2026-05-24T16:51:47.411743+00:00,79.51,44.69,78.55,False
2026-05-24T16:51:47.411745+00:00,86.23,45.82,62.88,False
2026-05-24T16:51:47.411746+00:00,72.99,38.72,76.57,False
2026-05-24T16:51:47.411747+00:00,77.56,35.08,67.72,False
2026-05-24T16:51:47.411749+00:00,79.41,51.18,66.87,False
2026-05-24T16:51:47.411751+00:00,83.12,54.13,62.83,False
2026-05-24T16:51:47.411752+00:00,71.56,44.78,74.46,False
2026-05-24T16:51:47.411754+00:00,116.49,73.07,112.14,True
2026-05-24T16:51:47.411755+00:00,80.29,51.63,71.18,False
2026-05-24T16:51:47.411757+00:00,72.27,54.37,67.14,False
2026-05-24T16:51:47.411758+00:00,76.9,36.57,71.15,False
2026-05-24T16:51:47.411760+00:00,80.25,44.49,74.24,False
2026-05-24T16:51:47.411761+00:00,78.12,45.55,72.47,False
2026-05-24T16:51:47.411763+00:00,82.3,41.09,68.94,False
2026-05-24T16:51:47.411764+00:00,80.96,41.96,64.04,False
2026-05-24T16:51:47.411766+00:00,87.99,52.78,68.65,False
2026-05-24T16:51:47.411767+00:00,77.46,38.49,63.51,False
2026-05-24T16:51:47.411769+00:00,84.07,38.88,68.83,False
2026-05-24T16:51:47.411770+00:00,80.67,35.3,65.59,False
2026-05-24T16:51:47.411772+00:00,85.64,36.53,73.4,False
2026-05-24T16:51:47.411773+00:00,81.41,44.68,73.28,False
2026-05-24T16:51:47.411775+00:00,73.93,43.9,65.42,False
2026-05-24T16:51:47.411777+00:00,78.27,36.26,66.07,False
2026-05-24T16:51:47.411778+00:00,72.69,40.64,77.52,False
2026-05-24T16:51:47.411780+00:00,89.64,44.72,78.8,False
2026-05-24T16:51:47.411781+00:00,76.07,49.92,61.4,False
2026-05-24T16:51:47.411783+00:00,86.13,36.37,62.34,False
2026-05-24T16:51:47.411784+00:00,89.23,39.45,78.72,False
2026-05-24T16:51:47.411786+00:00,81.09,37.47,78.07,False
2026-05-24T16:51:47.411787+00:00,80.75,50.44,66.9,False
2026-05-24T16:51:47.411789+00:00,87.35,35.44,74.69,False
2026-05-24T16:51:47.411790+00:00,82.2,39.67,69.51,False
2026-05-24T16:51:47.411792+00:00,71.2,43.0,63.97,False
2026-05-24T16:51:47.411793+00:00,77.94,45.65,66.77,False
2026-05-24T16:51:47.411795+00:00,83.06,46.32,78.28,False
2026-05-24T16:51:47.411796+00:00,79.95,37.02,65.77,False
2026-05-24T16:51:47.411798+00:00,84.2,43.02,74.19,False
2026-05-24T16:51:47.411803+00:00,75.47,35.69,67.69,False
2026-05-24T16:51:47.411805+00:00,81.71,40.42,61.52,False
2026-05-24T16:51:47.411807+00:00,71.25,37.8,62.69,False
2026-05-24T16:51:47.411808+00:00,88.64,50.72,67.27,False
2026-05-24T16:51:47.411810+00:00,78.29,41.01,77.55,False
2026-05-24T16:51:47.411811+00:00,78.42,49.92,64.1,False
2026-05-24T16:51:47.411813+00:00,86.42,41.46,69.83,False
2026-05-24T16:51:47.411814+00:00,77.87,41.44,70.02,False
2026-05-24T16:51:47.411816+00:00,75.5,42.13,75.28,False
2026-05-24T16:51:47.411817+00:00,87.67,49.44,71.69,False
2026-05-24T16:51:47.411819+00:00,83.74,54.21,61.68,False
2026-05-24T16:51:47.411820+00:00,73.43,43.94,65.88,False
2026-05-24T16:51:47.411822+00:00,88.54,47.98,66.78,False
2026-05-24T16:51:47.411823+00:00,73.87,54.83,64.7,False
2026-05-24T16:51:47.411825+00:00,80.55,41.81,77.34,False
2026-05-24T16:51:47.411826+00:00,79.63,45.28,69.93,False
2026-05-24T16:51:47.411828+00:00,115.14,84.39,111.41,True
2026-05-24T16:51:47.411829+00:00,84.43,49.82,67.44,False
2026-05-24T16:51:47.411831+00:00,73.9,52.27,60.85,False
2026-05-24T16:51:47.411832+00:00,88.75,53.13,60.27,False
2026-05-24T16:51:47.411834+00:00,86.92,46.72,69.98,False
2026-05-24T16:51:47.411835+00:00,84.66,35.31,64.71,False
2026-05-24T16:51:47.411837+00:00,72.21,45.94,73.18,False
2026-05-24T16:51:47.411838+00:00,73.5,44.62,64.49,False
2026-05-24T16:51:47.411840+00:00,76.35,42.17,79.01,False
2026-05-24T16:51:47.411841+00:00,79.6,54.81,75.82,False
2026-05-24T16:51:47.411843+00:00,82.69,54.18,66.98,False
2026-05-24T16:51:47.411844+00:00,84.87,53.31,72.46,False
2026-05-24T16:51:47.411846+00:00,83.91,48.78,65.08,False
2026-05-24T16:51:47.411848+00:00,80.9,45.88,72.91,False
2026-05-24T16:51:47.411849+00:00,78.29,35.26,63.64,False
2026-05-24T16:51:47.411851+00:00,82.29,52.97,75.4,False
2026-05-24T16:51:47.411852+00:00,85.35,54.53,67.5,False
2026-05-24T16:51:47.411854+00:00,71.16,43.0,74.97,False
2026-05-24T16:51:47.411855+00:00,128.15,94.98,103.92,True
2026-05-24T16:51:47.411857+00:00,82.06,36.17,71.18,False
2026-05-24T16:51:47.411858+00:00,74.2,49.56,62.53,False
2026-05-24T16:51:47.411860+00:00,80.32,36.22,76.51,False
2026-05-24T16:51:47.411861+00:00,82.59,53.29,65.94,False
2026-05-24T16:51:47.411863+00:00,118.63,91.96,95.67,True
2026-05-24T16:51:47.411865+00:00,70.12,38.76,73.05,False
2026-05-24T16:51:47.411866+00:00,70.02,40.5,70.63,False
2026-05-24T16:51:47.411867+00:00,73.46,39.14,67.45,False
2026-05-24T16:51:47.411869+00:00,113.56,70.21,107.6,True
2026-05-24T16:51:47.411871+00:00,80.77,36.34,66.9,False
2026-05-24T16:51:47.411872+00:00,88.32,45.18,67.13,False
2026-05-24T16:51:47.411874+00:00,71.06,53.71,62.06,False
2026-05-24T16:51:47.411875+00:00,88.04,48.68,66.13,False
2026-05-24T16:51:47.411877+00:00,88.86,52.5,64.12,False
2026-05-24T16:51:47.411878+00:00,84.41,45.73,61.1,False
2026-05-24T16:51:47.411880+00:00,84.92,49.95,63.08,False
2026-05-24T16:51:47.411881+00:00,79.55,42.51,65.17,False
2026-05-24T16:51:47.411883+00:00,72.79,46.87,77.72,False
2026-05-24T16:51:47.411884+00:00,84.62,46.18,79.08,False
2026-05-24T16:51:47.411886+00:00,87.36,47.9,60.95,False
2026-05-24T16:51:47.411887+00:00,82.15,52.31,60.34,False
2026-05-24T16:51:47.411889+00:00,88.49,43.69,61.92,False
2026-05-24T16:51:47.411890+00:00,88.44,48.3,75.12,False
2026-05-24T16:51:47.411892+00:00,75.98,54.93,67.58,False
2026-05-24T16:51:47.411893+00:00,79.3,48.94,61.89,False
2026-05-24T16:51:47.411895+00:00,77.04,54.47,76.44,False
2026-05-24T16:51:47.411896+00:00,85.35,48.27,76.51,False
2026-05-24T16:51:47.411899+00:00,79.53,47.34,72.63,False
2026-05-24T16:51:47.411900+00:00,83.75,42.11,69.95,False
2026-05-24T16:51:47.411902+00:00,88.78,37.61,64.8,False
2026-05-24T16:51:47.411903+00:00,72.88,54.26,69.29,False
2026-05-24T16:51:47.411905+00:00,73.9,41.15,64.47,False
2026-05-24T16:51:47.411906+00:00,84.82,38.08,67.24,False
2026-05-24T16:51:47.411908+00:00,82.02,39.28,75.28,False
2026-05-24T16:51:47.411909+00:00,77.53,49.84,78.79,False
2026-05-24T16:51:47.411911+00:00,75.14,51.28,79.39,False
2026-05-24T16:51:47.411912+00:00,79.87,52.14,72.29,False
2026-05-24T16:51:47.411914+00:00,76.28,50.45,70.48,False
2026-05-24T16:51:47.411915+00:00,87.44,37.63,69.34,False
2026-05-24T16:51:47.411917+00:00,75.04,46.16,79.26,False
2026-05-24T16:51:47.411918+00:00,89.99,48.33,64.34,False
2026-05-24T16:51:47.411920+00:00,74.58,39.67,77.9,False
2026-05-24T16:51:47.411921+00:00,118.2,74.71,120.98,True
2026-05-24T16:51:47.411927+00:00,78.85,38.02,75.5,False
2026-05-24T16:51:47.411928+00:00,71.42,47.96,73.5,False
2026-05-24T16:51:47.411930+00:00,81.84,37.47,79.54,False
2026-05-24T16:51:47.411931+00:00,86.11,46.08,60.88,False
2026-05-24T16:51:47.411933+00:00,88.4,44.27,60.92,False
2026-05-24T16:51:47.411934+00:00,73.63,47.61,60.56,False
2026-05-24T16:51:47.411936+00:00,73.65,51.14,62.55,False
2026-05-24T16:51:47.411937+00:00,86.78,46.28,67.25,False
2026-05-24T16:51:47.411939+00:00,89.43,44.91,78.77,False
2026-05-24T16:51:47.411940+00:00,82.41,35.99,72.89,False
2026-05-24T16:51:47.411942+00:00,74.9,51.26,72.81,False
2026-05-24T16:51:47.411944+00:00,71.02,39.5,74.22,False
2026-05-24T16:51:47.411945+00:00,77.22,38.32,70.93,False
2026-05-24T16:51:47.411947+00:00,87.59,40.39,74.11,False
2026-05-24T16:51:47.411948+00:00,109.59,90.86,115.14,True
2026-05-24T16:51:47.411950+00:00,71.66,47.14,67.84,False
2026-05-24T16:51:47.411951+00:00,76.09,39.25,73.69,False
2026-05-24T16:51:47.411952+00:00,86.03,48.13,64.27,False
2026-05-24T16:51:47.411954+00:00,73.58,35.69,60.39,False
2026-05-24T16:51:47.411956+00:00,80.09,54.43,74.89,False
2026-05-24T16:51:47.411957+00:00,70.12,35.66,69.0,False
2026-05-24T16:51:47.411959+00:00,105.48,78.44,127.93,True
2026-05-24T16:51:47.411960+00:00,83.8,38.1,67.99,False
2026-05-24T16:51:47.411962+00:00,109.36,89.08,109.3,True
2026-05-24T16:51:47.411963+00:00,81.51,43.03,62.72,False
2026-05-24T16:51:47.411965+00:00,117.9,84.38,96.66,True
2026-05-24T16:51:47.411966+00:00,80.82,40.77,76.2,False
2026-05-24T16:51:47.411968+00:00,75.22,51.85,64.15,False
2026-05-24T16:51:47.411969+00:00,84.75,54.17,66.53,False
2026-05-24T16:51:47.411971+00:00,85.2,36.7,62.71,False
2026-05-24T16:51:47.411972+00:00,70.58,37.32,68.59,False
2026-05-24T16:51:47.411974+00:00,82.15,53.0,68.53,False
2026-05-24T16:51:47.411975+00:00,75.68,37.2,66.88,False
2026-05-24T16:51:47.411976+00:00,85.36,50.56,63.75,False
2026-05-24T16:51:47.411978+00:00,113.7,71.37,129.26,True
2026-05-24T16:51:47.411980+00:00,85.08,54.08,69.15,False
2026-05-24T16:51:47.411981+00:00,75.94,41.77,64.25,False
2026-05-24T16:51:47.411983+00:00,76.4,43.28,79.89,False
2026-05-24T16:51:47.411984+00:00,82.25,44.12,77.38,False
2026-05-24T16:51:47.411986+00:00,80.29,37.94,73.99,False
2026-05-24T16:51:47.411987+00:00,81.64,46.63,77.06,False
2026-05-24T16:51:47.411989+00:00,87.14,49.07,75.06,False
2026-05-24T16:51:47.411990+00:00,73.56,35.0,65.79,False
2026-05-24T16:51:47.411992+00:00,87.41,42.48,76.34,False
2026-05-24T16:51:47.411993+00:00,87.84,50.28,63.06,False
2026-05-24T16:51:47.411995+00:00,75.43,42.19,66.81,False
2026-05-24T16:51:47.411996+00:00,71.54,43.6,69.43,False
2026-05-24T16:51:47.411999+00:00,73.3,44.94,62.19,False
2026-05-24T16:51:47.412001+00:00,88.72,53.68,61.42,False
2026-05-24T16:51:47.412002+00:00,116.95,76.88,122.32,True
2026-05-24T16:51:47.412004+00:00,73.82,54.11,78.91,False
2026-05-24T16:51:47.412005+00:00,85.0,45.21,78.33,False
2026-05-24T16:51:47.412007+00:00,80.03,44.4,72.28,False
2026-05-24T16:51:47.412008+00:00,80.07,49.49,69.7,False
2026-05-24T16:51:47.412010+00:00,70.38,54.75,64.06,False
2026-05-24T16:51:47.412011+00:00,83.63,50.55,74.45,False
2026-05-24T16:51:47.412013+00:00,83.32,38.96,63.56,False
2026-05-24T16:51:47.412014+00:00,115.22,88.28,96.95,True
2026-05-24T16:51:47.412016+00:00,71.0,53.11,69.26,False
2026-05-24T16:51:47.412017+00:00,81.64,45.46,63.17,False
2026-05-24T16:51:47.412019+00:00,84.52,53.14,71.33,False
2026-05-24T16:51:47.412020+00:00,72.79,43.41,60.95,False
2026-05-24T16:51:47.412022+00:00,74.27,49.23,71.73,False
2026-05-24T16:51:47.412023+00:00,82.81,38.28,78.17,False
2026-05-24T16:51:47.412025+00:00,78.41,40.07,63.54,False
2026-05-24T16:51:47.412026+00:00,72.39,36.19,73.91,False
2026-05-24T16:51:47.412027+00:00,79.57,50.75,78.37,False
2026-05-24T16:51:47.412029+00:00,85.75,44.57,68.57,False
2026-05-24T16:51:47.412030+00:00,74.49,42.92,77.68,False
2026-05-24T16:51:47.412031+00:00,74.77,39.36,69.56,False
2026-05-24T16:51:47.412033+00:00,85.09,51.1,60.19,False
2026-05-24T16:51:47.412034+00:00,87.09,36.03,65.33,False
2026-05-24T16:51:47.412035+00:00,86.86,53.97,70.66,False
2026-05-24T16:51:47.412037+00:00,88.17,50.04,71.3,False
2026-05-24T16:51:47.412038+00:00,87.54,48.85,77.29,False
2026-05-24T16:51:47.412039+00:00,74.0,42.42,73.4,False
2026-05-24T16:51:47.412041+00:00,74.74,50.37,65.67,False
2026-05-24T16:51:47.412042+00:00,76.47,38.88,72.26,False
2026-05-24T16:51:47.412044+00:00,89.84,42.66,63.94,False
2026-05-24T16:51:47.412045+00:00,83.12,42.98,60.15,False
2026-05-24T16:51:47.412046+00:00,88.33,47.78,69.83,False
2026-05-24T16:51:47.412048+00:00,80.88,41.44,78.88,False
2026-05-24T16:51:47.412049+00:00,123.0,83.04,99.13,True
2026-05-24T16:51:47.412050+00:00,70.39,37.96,74.28,False
2026-05-24T16:51:47.412052+00:00,71.3,41.03,76.52,False
2026-05-24T16:51:47.412053+00:00,86.73,42.51,73.73,False
2026-05-24T16:51:47.412054+00:00,79.99,36.89,68.72,False
2026-05-24T16:51:47.412056+00:00,71.75,53.05,65.37,False
2026-05-24T16:51:47.412057+00:00,74.31,51.34,66.84,False
2026-05-24T16:51:47.412059+00:00,83.76,40.35,71.5,False
2026-05-24T16:51:47.412060+00:00,88.49,51.36,62.32,False
2026-05-24T16:51:47.412061+00:00,83.12,37.02,64.97,False
2026-05-24T16:51:47.412063+00:00,88.83,36.72,63.38,False
2026-05-24T16:51:47.412064+00:00,72.26,52.23,67.8,False
2026-05-24T16:51:47.412066+00:00,85.65,37.63,60.69,False
2026-05-24T16:51:47.412067+00:00,70.16,54.73,63.63,False
2026-05-24T16:51:47.412068+00:00,86.25,42.45,79.13,False
2026-05-24T16:51:47.412070+00:00,87.29,46.51,65.86,False
2026-05-24T16:51:47.412071+00:00,76.41,48.48,76.21,False
2026-05-24T16:51:47.412072+00:00,86.15,49.69,61.63,False
2026-05-24T16:51:47.412074+00:00,76.19,52.28,75.64,False
2026-05-24T16:51:47.412075+00:00,74.48,54.44,73.07,False
2026-05-24T16:51:47.412076+00:00,86.39,38.69,71.3,False
2026-05-24T16:51:47.412078+00:00,112.45,80.99,128.38,True
2026-05-24T16:51:47.412079+00:00,107.93,93.95,112.4,True
2026-05-24T16:51:47.412080+00:00,75.17,38.5,76.94,False
2026-05-24T16:51:47.412082+00:00,85.73,35.72,73.71,False
2026-05-24T16:51:47.412083+00:00,88.52,51.9,72.55,False
2026-05-24T16:51:47.412084+00:00,122.49,88.64,100.7,True
2026-05-24T16:51:47.412086+00:00,89.13,45.55,63.53,False
2026-05-24T16:51:47.412087+00:00,88.33,51.55,73.82,False
2026-05-24T16:51:47.412090+00:00,120.69,72.54,97.35,True
2026-05-24T16:51:47.412091+00:00,75.99,43.87,70.74,False
2026-05-24T16:51:47.412092+00:00,118.18,80.07,124.4,True
2026-05-24T16:51:47.412094+00:00,114.07,94.77,110.81,True
2026-05-24T16:51:47.412095+00:00,125.48,91.08,114.09,True
2026-05-24T16:51:47.412097+00:00,108.77,83.25,111.39,True
2026-05-24T16:51:47.412098+00:00,87.21,52.91,69.88,False
2026-05-24T16:51:47.412099+00:00,70.64,36.86,75.12,False
2026-05-24T16:51:47.412101+00:00,76.46,40.87,75.43,False
2026-05-24T16:51:47.412102+00:00,78.02,53.42,66.49,False
2026-05-24T16:51:47.412103+00:00,72.7,52.6,69.0,False
2026-05-24T16:51:47.412105+00:00,100.13,90.82,125.88,True
2026-05-24T16:51:47.412106+00:00,74.9,36.43,70.7,False
2026-05-24T16:51:47.412108+00:00,75.97,48.58,74.79,False
2026-05-24T16:51:47.412109+00:00,76.38,46.97,67.22,False
2026-05-24T16:51:47.412110+00:00,77.21,51.33,67.73,False
2026-05-24T16:51:47.412112+00:00,73.34,49.34,74.51,False
2026-05-24T16:51:47.412113+00:00,122.39,77.35,117.33,True
2026-05-24T16:51:47.412114+00:00,86.4,52.41,70.13,False
2026-05-24T16:51:47.412116+00:00,126.56,88.09,103.93,True
2026-05-24T16:51:47.412117+00:00,82.73,53.35,63.75,False
2026-05-24T16:51:47.412118+00:00,82.8,36.23,76.09,False
2026-05-24T16:51:47.412120+00:00,85.82,50.03,71.82,False
2026-05-24T16:51:47.412121+00:00,75.97,52.2,74.61,False
2026-05-24T16:51:47.412123+00:00,85.35,45.81,62.64,False
2026-05-24T16:51:47.412124+00:00,70.2,52.67,60.89,False
2026-05-24T16:51:47.412125+00:00,86.04,46.52,78.02,False
2026-05-24T16:51:47.412127+00:00,86.84,36.47,69.1,False
2026-05-24T16:51:47.412128+00:00,127.47,80.88,111.2,True
2026-05-24T16:51:47.412129+00:00,82.62,48.5,71.03,False
2026-05-24T16:51:47.412131+00:00,82.73,48.9,75.99,False
2026-05-24T16:51:47.412132+00:00,72.11,35.72,72.7,False
2026-05-24T16:51:47.412134+00:00,83.47,36.51,68.06,False
2026-05-24T16:51:47.412135+00:00,72.36,53.74,63.73,False
2026-05-24T16:51:47.412136+00:00,81.76,35.02,76.48,False
2026-05-24T16:51:47.412139+00:00,77.09,47.03,63.52,False
2026-05-24T16:51:47.412140+00:00,85.11,50.62,79.79,False
2026-05-24T16:51:47.412141+00:00,80.23,39.12,78.17,False
2026-05-24T16:51:47.412143+00:00,73.37,36.45,67.13,False
2026-05-24T16:51:47.412144+00:00,70.92,43.43,71.76,False
2026-05-24T16:51:47.412145+00:00,120.31,77.95,104.21,True
2026-05-24T16:51:47.412147+00:00,74.86,41.12,77.69,False
2026-05-24T16:51:47.412148+00:00,85.02,40.95,77.6,False
2026-05-24T16:51:47.412150+00:00,83.4,40.35,71.54,False
2026-05-24T16:51:47.412151+00:00,76.87,52.32,67.37,False
2026-05-24T16:51:47.412152+00:00,75.06,46.51,73.89,False
2026-05-24T16:51:47.412154+00:00,89.26,49.38,62.31,False
2026-05-24T16:51:47.412155+00:00,87.83,41.02,64.13,False
2026-05-24T16:51:47.412156+00:00,78.54,49.06,72.57,False
2026-05-24T16:51:47.412158+00:00,87.68,42.17,74.55,False
2026-05-24T16:51:47.412159+00:00,80.17,46.74,63.61,False
2026-05-24T16:51:47.412160+00:00,73.88,51.56,74.12,False
2026-05-24T16:51:47.412162+00:00,80.6,40.2,64.67,False
2026-05-24T16:51:47.412163+00:00,81.49,43.16,64.58,False
2026-05-24T16:51:47.412164+00:00,71.63,39.84,75.92,False
2026-05-24T16:51:47.412166+00:00,114.13,78.29,106.58,True
2026-05-24T16:51:47.412167+00:00,80.04,39.93,60.34,False
2026-05-24T16:51:47.412169+00:00,75.52,42.16,69.47,False
2026-05-24T16:51:47.412170+00:00,129.76,76.12,117.18,True
2026-05-24T16:51:47.412172+00:00,78.1,41.5,62.72,False
2026-05-24T16:51:47.412173+00:00,83.65,45.89,75.95,False
2026-05-24T16:51:47.412174+00:00,77.56,54.38,66.5,False
2026-05-24T16:51:47.412176+00:00,79.64,51.95,73.78,False
2026-05-24T16:51:47.412177+00:00,82.96,37.06,70.79,False
2026-05-24T16:51:47.412178+00:00,76.02,53.92,67.38,False
2026-05-24T16:51:47.412180+00:00,74.07,46.22,72.7,False
2026-05-24T16:51:47.412181+00:00,87.56,48.61,61.74,False
2026-05-24T16:51:47.412183+00:00,76.25,40.59,67.18,False
2026-05-24T16:51:47.412184+00:00,71.64,48.79,72.26,False
2026-05-24T16:51:47.412185+00:00,83.47,53.43,74.31,False
2026-05-24T16:51:47.412187+00:00,85.07,41.81,79.66,False
2026-05-24T16:51:47.412188+00:00,89.42,46.72,76.6,False
2026-05-24T16:51:47.412189+00:00,72.99,52.09,64.42,False
2026-05-24T16:51:47.412191+00:00,80.06,47.24,67.86,False
2026-05-24T16:51:47.412192+00:00,70.19,45.06,64.28,False
2026-05-24T16:51:47.412194+00:00,73.5,50.51,65.21,False
2026-05-24T16:51:47.412195+00:00,73.76,43.73,77.08,False
2026-05-24T16:51:47.412196+00:00,70.18,52.92,73.09,False
2026-05-24T16:51:47.412198+00:00,73.93,45.79,67.69,False
2026-05-24T16:51:47.412199+00:00,79.84,51.51,74.25,False
2026-05-24T16:51:47.412200+00:00,83.0,54.73,68.26,False
2026-05-24T16:51:47.412202+00:00,86.81,49.2,69.78,False
2026-05-24T16:51:47.412203+00:00,88.99,44.38,67.72,False
2026-05-24T16:51:47.412204+00:00,78.21,38.1,74.69,False
2026-05-24T16:51:47.412206+00:00,83.0,48.46,78.42,False
2026-05-24T16:51:47.412207+00:00,73.69,38.23,60.08,False
2026-05-24T16:51:47.412208+00:00,85.42,45.68,75.93,False
2026-05-24T16:51:47.412210+00:00,87.04,53.26,70.01,False
2026-05-24T16:51:47.412211+00:00,70.48,51.39,68.92,False
2026-05-24T16:51:47.412212+00:00,77.54,42.53,79.38,False
2026-05-24T16:51:47.412214+00:00,83.55,53.84,64.74,False
2026-05-24T16:51:47.412215+00:00,87.22,37.31,65.02,False
2026-05-24T16:51:47.412216+00:00,109.3,88.31,117.02,True
2026-05-24T16:51:47.412219+00:00,76.03,54.22,69.18,False
2026-05-24T16:51:47.412220+00:00,81.45,41.39,78.35,False
2026-05-24T16:51:47.412222+00:00,79.25,40.5,63.54,False
2026-05-24T16:51:47.412223+00:00,81.78,47.16,73.2,False
2026-05-24T16:51:47.412225+00:00,88.91,35.92,71.47,False
2026-05-24T16:51:47.412226+00:00,82.93,51.39,75.55,False
2026-05-24T16:51:47.412227+00:00,77.81,49.06,76.75,False
2026-05-24T16:51:47.412229+00:00,105.24,82.02,117.39,True
2026-05-24T16:51:47.412230+00:00,78.69,44.68,69.41,False
2026-05-24T16:51:47.412231+00:00,74.82,48.94,73.53,False
2026-05-24T16:51:47.412233+00:00,75.66,51.38,67.77,False
2026-05-24T16:51:47.412234+00:00,86.91,48.93,68.1,False
2026-05-24T16:51:47.412236+00:00,78.47,52.92,68.81,False
2026-05-24T16:51:47.412238+00:00,85.11,41.28,65.07,False
2026-05-24T16:51:47.412239+00:00,84.42,45.95,78.87,False
2026-05-24T16:51:47.412241+00:00,81.81,49.77,62.0,False
2026-05-24T16:51:47.412242+00:00,71.73,51.11,66.76,False
2026-05-24T16:51:47.412243+00:00,86.12,41.12,67.42,False
2026-05-24T16:51:47.412245+00:00,83.22,43.95,73.93,False
2026-05-24T16:51:47.412246+00:00,87.97,41.02,61.57,False
2026-05-24T16:51:47.412247+00:00,89.9,44.55,75.84,False
2026-05-24T16:51:47.412249+00:00,87.85,52.31,65.98,False
2026-05-24T16:51:47.412250+00:00,75.37,54.35,64.41,False
2026-05-24T16:51:47.412251+00:00,71.44,35.2,67.7,False
2026-05-24T16:51:47.412253+00:00,121.81,71.15,126.78,True
2026-05-24T16:51:47.412254+00:00,80.54,50.29,71.34,False
2026-05-24T16:51:47.412255+00:00,72.68,36.1,73.75,False
2026-05-24T16:51:47.412257+00:00,84.13,44.18,71.57,False
2026-05-24T16:51:47.412258+00:00,77.4,54.71,70.6,False
2026-05-24T16:51:47.412260+00:00,81.74,43.81,73.03,False
2026-05-24T16:51:47.412261+00:00,82.66,36.16,73.69,False
2026-05-24T16:51:47.412262+00:00,73.58,35.03,71.35,False
2026-05-24T16:51:47.412264+00:00,79.55,41.11,76.56,False
2026-05-24T16:51:47.412265+00:00,74.97,46.62,79.67,False
2026-05-24T16:51:47.412267+00:00,73.86,43.88,72.45,False
2026-05-24T16:51:47.412269+00:00,78.17,53.73,61.6,False
2026-05-24T16:51:47.412270+00:00,117.04,92.47,96.88,True
2026-05-24T16:51:47.412271+00:00,81.06,54.47,70.06,False
2026-05-24T16:51:47.412273+00:00,87.47,38.29,62.86,False
2026-05-24T16:51:47.412274+00:00,117.1,70.67,95.04,True
2026-05-24T16:51:47.412275+00:00,87.38,40.36,77.2,False
2026-05-24T16:51:47.412277+00:00,78.76,52.55,71.58,False
2026-05-24T16:51:47.412278+00:00,71.15,49.6,70.78,False
2026-05-24T16:51:47.412280+00:00,75.01,51.31,69.85,False
2026-05-24T16:51:47.412281+00:00,104.95,81.35,117.16,True
2026-05-24T16:51:47.412282+00:00,77.79,44.65,74.65,False
2026-05-24T16:51:47.412284+00:00,117.05,91.28,124.52,True
2026-05-24T16:51:47.412285+00:00,109.64,72.51,106.66,True
2026-05-24T16:51:47.412287+00:00,86.23,52.72,79.21,False
2026-05-24T16:51:47.412288+00:00,77.92,51.96,67.86,False
2026-05-24T16:51:47.412289+00:00,79.04,49.12,76.46,False
2026-05-24T16:51:47.412291+00:00,79.24,46.0,68.03,False
2026-05-24T16:51:47.412292+00:00,81.48,39.65,76.29,False
2026-05-24T16:51:47.412293+00:00,72.89,40.94,74.69,False
2026-05-24T16:51:47.412295+00:00,78.63,47.08,67.67,False
2026-05-24T16:51:47.412296+00:00,73.57,45.55,64.97,False
2026-05-24T16:51:47.412297+00:00,71.34,48.97,66.43,False
2026-05-24T16:51:47.412299+00:00,74.78,38.81,71.2,False
2026-05-24T16:51:47.412300+00:00,86.1,41.77,61.28,False
2026-05-24T16:51:47.412302+00:00,85.59,50.95,73.19,False
2026-05-24T16:51:47.412303+00:00,77.75,35.05,69.65,False
2026-05-24T16:51:47.412304+00:00,79.29,36.36,65.28,False
2026-05-24T16:51:47.412306+00:00,76.81,41.83,64.87,False
2026-05-24T16:51:47.412307+00:00,83.88,37.86,73.28,False
2026-05-24T16:51:47.412308+00:00,88.77,53.98,78.73,False
2026-05-24T16:51:47.412309+00:00,73.43,41.47,64.77,False
2026-05-24T16:51:47.412311+00:00,82.41,35.15,65.12,False
2026-05-24T16:51:47.412312+00:00,81.39,51.89,77.6,False
2026-05-24T16:51:47.412314+00:00,82.94,49.4,79.7,False
2026-05-24T16:51:47.412315+00:00,87.36,49.25,66.09,False
2026-05-24T16:51:47.412316+00:00,78.8,50.72,72.91,False
2026-05-24T16:51:47.412317+00:00,79.12,45.38,67.72,False
2026-05-24T16:51:47.412319+00:00,87.44,37.5,79.9,False
2026-05-24T16:51:47.412320+00:00,123.12,80.59,99.07,True
2026-05-24T16:51:47.412322+00:00,107.4,72.18,124.97,True
2026-05-24T16:51:47.412323+00:00,83.96,47.06,79.47,False
2026-05-24T16:51:47.412324+00:00,78.01,35.73,69.22,False
2026-05-24T16:51:47.412326+00:00,89.73,42.37,69.04,False
2026-05-24T16:51:47.412327+00:00,79.75,48.35,73.11,False
2026-05-24T16:51:47.412328+00:00,70.41,52.73,77.27,False
2026-05-24T16:51:47.412330+00:00,83.71,46.46,63.76,False
2026-05-24T16:51:47.412331+00:00,103.77,92.62,129.22,True
2026-05-24T16:51:47.412333+00:00,71.23,46.95,62.3,False
2026-05-24T16:51:47.412334+00:00,127.25,81.22,102.1,True
2026-05-24T16:51:47.412335+00:00,77.24,36.61,75.5,False
2026-05-24T16:51:47.412337+00:00,88.0,48.31,76.56,False
2026-05-24T16:51:47.412338+00:00,85.02,50.76,79.14,False
2026-05-24T16:51:47.412339+00:00,78.2,49.09,70.42,False
2026-05-24T16:51:47.412341+00:00,81.19,52.83,75.64,False
2026-05-24T16:51:47.412342+00:00,84.29,53.57,75.24,False
2026-05-24T16:51:47.412343+00:00,80.5,39.78,73.36,False
2026-05-24T16:51:47.412345+00:00,71.81,37.46,72.48,False
2026-05-24T16:51:47.412346+00:00,78.63,35.69,69.12,False
2026-05-24T16:51:47.412347+00:00,81.16,50.21,74.37,False
2026-05-24T16:51:47.412349+00:00,73.74,41.72,65.03,False
2026-05-24T16:51:47.412351+00:00,85.74,53.34,69.45,False
2026-05-24T16:51:47.412352+00:00,76.06,54.1,67.76,False
2026-05-24T16:51:47.412353+00:00,76.92,36.36,70.93,False
2026-05-24T16:51:47.412355+00:00,80.8,53.56,69.08,False
2026-05-24T16:51:47.412356+00:00,74.49,38.09,63.0,False
2026-05-24T16:51:47.412357+00:00,89.55,41.66,62.75,False
2026-05-24T16:51:47.412359+00:00,86.74,35.27,66.36,False
2026-05-24T16:51:47.412360+00:00,129.93,91.94,128.56,True
2026-05-24T16:51:47.412362+00:00,75.6,49.13,68.87,False
2026-05-24T16:51:47.412363+00:00,89.37,36.36,71.66,False
2026-05-24T16:51:47.412364+00:00,84.97,51.75,78.77,False
2026-05-24T16:51:47.412366+00:00,77.98,36.9,79.35,False
2026-05-24T16:51:47.412367+00:00,71.09,38.78,77.52,False
2026-05-24T16:51:47.412368+00:00,127.76,76.24,96.91,True
2026-05-24T16:51:47.412370+00:00,74.65,37.87,66.36,False
2026-05-24T16:51:47.412371+00:00,73.99,38.28,74.69,False
2026-05-24T16:51:47.412372+00:00,87.92,43.99,74.74,False
2026-05-24T16:51:47.412374+00:00,88.41,35.2,74.91,False
2026-05-24T16:51:47.412375+00:00,72.51,51.54,66.52,False
2026-05-24T16:51:47.412376+00:00,79.07,42.48,60.03,False
2026-05-24T16:51:47.412378+00:00,72.14,36.19,70.85,False
2026-05-24T16:51:47.412379+00:00,83.44,35.18,76.54,False
2026-05-24T16:51:47.412380+00:00,70.47,52.22,75.54,False
2026-05-24T16:51:47.412382+00:00,86.78,49.08,60.53,False
2026-05-24T16:51:47.412383+00:00,85.93,37.95,67.49,False
2026-05-24T16:51:47.412385+00:00,77.74,41.8,66.14,False
2026-05-24T16:51:47.412386+00:00,119.44,77.01,116.58,True
2026-05-24T16:51:47.412387+00:00,74.95,51.37,76.15,False
2026-05-24T16:51:47.412389+00:00,75.8,51.3,62.02,False
2026-05-24T16:51:47.412390+00:00,118.89,79.63,125.76,True
2026-05-24T16:51:47.412391+00:00,75.06,35.09,75.16,False
2026-05-24T16:51:47.412393+00:00,72.62,35.95,65.21,False
2026-05-24T16:51:47.412394+00:00,79.85,39.75,68.47,False
2026-05-24T16:51:47.412395+00:00,82.6,40.2,76.3,False
2026-05-24T16:51:47.412397+00:00,78.62,39.68,70.59,False
2026-05-24T16:51:47.412398+00:00,71.48,45.36,72.56,False
2026-05-24T16:51:47.412400+00:00,80.1,49.69,61.24,False
2026-05-24T16:51:47.412401+00:00,117.53,77.56,107.68,True
2026-05-24T16:51:47.412402+00:00,78.31,36.3,77.14,False
2026-05-24T16:51:47.412404+00:00,75.09,36.92,76.12,False
2026-05-24T16:51:47.412405+00:00,80.98,53.97,76.59,False
2026-05-24T16:51:47.412406+00:00,71.38,54.69,70.28,False
2026-05-24T16:51:47.412408+00:00,82.9,50.9,66.12,False
2026-05-24T16:51:47.412409+00:00,80.41,47.04,72.55,False
2026-05-24T16:51:47.412410+00:00,80.22,36.96,74.82,False
2026-05-24T16:51:47.412412+00:00,78.81,38.44,74.18,False
2026-05-24T16:51:47.412413+00:00,125.82,76.9,100.88,True
2026-05-24T16:51:47.412414+00:00,78.94,51.6,68.73,False
2026-05-24T16:51:47.412416+00:00,77.44,51.21,66.21,False
2026-05-24T16:51:47.412417+00:00,85.69,50.5,72.29,False
2026-05-24T16:51:47.412418+00:00,77.39,38.47,64.15,False
2026-05-24T16:51:47.412420+00:00,70.76,53.06,72.97,False
2026-05-24T16:51:47.412421+00:00,87.88,42.58,66.9,False
2026-05-24T16:51:47.412422+00:00,80.79,47.34,76.91,False
2026-05-24T16:51:47.412423+00:00,70.33,36.56,61.73,False
2026-05-24T16:51:47.412425+00:00,84.49,38.36,62.97,False
2026-05-24T16:51:47.412426+00:00,86.28,44.32,62.26,False
2026-05-24T16:51:47.412427+00:00,106.33,88.74,125.65,True
2026-05-24T16:51:47.412429+00:00,79.19,48.86,63.84,False
2026-05-24T16:51:47.412430+00:00,71.74,35.26,79.25,False
2026-05-24T16:51:47.412431+00:00,89.38,40.79,74.28,False
2026-05-24T16:51:47.412433+00:00,79.16,44.17,61.4,False
2026-05-24T16:51:47.412434+00:00,72.27,44.86,63.62,False
2026-05-24T16:51:47.412435+00:00,85.83,42.6,75.55,False
2026-05-24T16:51:47.412437+00:00,71.85,40.75,71.65,False
2026-05-24T16:51:47.412438+00:00,73.49,51.86,63.22,False
2026-05-24T16:51:47.412441+00:00,77.28,47.59,77.24,False
2026-05-24T16:51:47.412442+00:00,112.09,83.89,114.25,True
2026-05-24T16:51:47.412443+00:00,80.09,39.67,77.63,False
2026-05-24T16:51:47.412445+00:00,86.07,42.19,77.66,False
2026-05-24T16:51:47.412446+00:00,128.34,94.21,125.83,True
2026-05-24T16:51:47.412448+00:00,78.89,37.0,76.1,False
2026-05-24T16:51:47.412449+00:00,84.75,42.69,75.43,False
2026-05-24T16:51:47.412450+00:00,77.55,40.12,77.27,False
2026-05-24T16:51:47.412452+00:00,114.93,84.97,102.57,True
2026-05-24T16:51:47.412453+00:00,89.61,41.27,78.13,False
2026-05-24T16:51:47.412454+00:00,78.11,42.88,79.63,False
2026-05-24T16:51:47.412456+00:00,78.05,53.59,68.0,False
2026-05-24T16:51:47.412457+00:00,87.56,37.09,66.67,False
2026-05-24T16:51:47.412458+00:00,87.81,52.15,66.1,False
2026-05-24T16:51:47.412460+00:00,77.16,51.69,78.14,False
2026-05-24T16:51:47.412461+00:00,89.7,46.09,67.47,False
2026-05-24T16:51:47.412462+00:00,74.92,51.43,67.85,False
2026-05-24T16:51:47.412464+00:00,85.93,42.94,72.28,False
2026-05-24T16:51:47.412465+00:00,75.87,42.98,66.89,False
2026-05-24T16:51:47.412466+00:00,87.2,42.71,76.49,False
2026-05-24T16:51:47.412468+00:00,82.96,52.01,79.59,False
2026-05-24T16:51:47.412469+00:00,72.92,51.7,68.84,False
2026-05-24T16:51:47.412473+00:00,83.99,49.48,75.15,False
2026-05-24T16:51:47.412475+00:00,72.1,39.43,76.07,False
2026-05-24T16:51:47.412476+00:00,78.41,36.8,65.02,False
2026-05-24T16:51:47.412478+00:00,83.86,54.02,67.75,False
2026-05-24T16:51:47.412479+00:00,82.2,38.65,74.22,False
2026-05-24T16:51:47.412481+00:00,83.15,39.35,77.29,False
2026-05-24T16:51:47.412482+00:00,73.27,51.12,62.77,False
2026-05-24T16:51:47.412483+00:00,80.05,50.3,63.13,False
2026-05-24T16:51:47.412485+00:00,74.49,54.56,69.07,False
2026-05-24T16:51:47.412486+00:00,80.38,49.44,68.53,False
2026-05-24T16:51:47.412487+00:00,85.09,35.81,78.59,False
2026-05-24T16:51:47.412489+00:00,78.26,54.55,73.05,False
2026-05-24T16:51:47.412490+00:00,81.44,41.13,79.46,False
2026-05-24T16:51:47.412491+00:00,81.47,50.8,65.7,False
2026-05-24T16:51:47.412494+00:00,74.31,51.97,71.22,False
2026-05-24T16:51:47.412495+00:00,87.6,41.73,61.91,False
2026-05-24T16:51:47.412496+00:00,85.77,36.24,78.12,False
2026-05-24T16:51:47.412498+00:00,85.54,35.52,63.72,False
2026-05-24T16:51:47.412499+00:00,115.86,75.56,101.1,True
2026-05-24T16:51:47.412501+00:00,88.56,39.11,67.4,False
2026-05-24T16:51:47.412502+00:00,80.77,49.7,72.85,False
2026-05-24T16:51:47.412504+00:00,83.9,52.01,78.21,False
2026-05-24T16:51:47.412506+00:00,113.08,88.29,117.9,True
2026-05-24T16:51:47.412507+00:00,84.21,43.85,62.55,False
2026-05-24T16:51:47.412509+00:00,125.01,87.04,97.99,True
2026-05-24T16:51:47.412510+00:00,108.73,87.65,123.36,True
2026-05-24T16:51:47.412511+00:00,82.67,51.53,66.28,False
2026-05-24T16:51:47.412513+00:00,83.74,36.3,78.23,False
2026-05-24T16:51:47.412514+00:00,115.21,72.28,99.09,True
2026-05-24T16:51:47.412515+00:00,85.21,53.58,74.27,False
2026-05-24T16:51:47.412517+00:00,86.89,39.79,71.41,False
2026-05-24T16:51:47.412518+00:00,87.55,42.01,62.28,False
2026-05-24T16:51:47.412519+00:00,106.45,84.06,100.67,True
2026-05-24T16:51:47.412521+00:00,77.64,51.55,79.9,False
2026-05-24T16:51:47.412522+00:00,83.73,40.02,62.19,False
2026-05-24T16:51:47.412523+00:00,82.36,51.21,74.92,False
2026-05-24T16:51:47.412525+00:00,73.9,47.62,77.29,False
2026-05-24T16:51:47.412526+00:00,75.06,35.66,74.06,False
2026-05-24T16:51:47.412527+00:00,88.08,42.95,69.86,False
2026-05-24T16:51:47.412529+00:00,77.81,37.61,68.07,False
2026-05-24T16:51:47.412530+00:00,77.61,42.2,72.49,False
2026-05-24T16:51:47.412532+00:00,77.69,54.47,72.66,False
2026-05-24T16:51:47.412533+00:00,83.63,38.74,70.04,False
2026-05-24T16:51:47.412534+00:00,88.26,49.51,68.74,False
2026-05-24T16:51:47.412536+00:00,88.83,39.81,60.4,False
2026-05-24T16:51:47.412537+00:00,71.6,43.67,67.73,False
2026-05-24T16:51:47.412538+00:00,75.77,40.13,68.35,False
2026-05-24T16:51:47.412540+00:00,79.13,52.79,75.84,False
2026-05-24T16:51:47.412541+00:00,83.07,37.83,62.12,False
2026-05-24T16:51:47.412542+00:00,89.07,46.49,74.86,False
2026-05-24T16:51:47.412544+00:00,71.64,47.45,71.77,False
2026-05-24T16:51:47.412545+00:00,87.64,44.63,71.68,False
2026-05-24T16:51:47.412546+00:00,88.85,54.78,71.71,False
2026-05-24T16:51:47.412548+00:00,76.69,37.39,60.07,False
2026-05-24T16:51:47.412549+00:00,72.96,40.7,65.1,False
2026-05-24T16:51:47.412550+00:00,85.71,40.9,77.21,False
2026-05-24T16:51:47.412552+00:00,72.61,43.4,66.42,False
2026-05-24T16:51:47.412553+00:00,86.67,49.07,69.23,False
2026-05-24T16:51:47.412554+00:00,115.25,77.93,108.14,True
2026-05-24T16:51:47.412556+00:00,82.12,50.01,66.38,False
2026-05-24T16:51:47.412557+00:00,86.99,47.24,61.9,False
2026-05-24T16:51:47.412558+00:00,76.09,52.65,62.81,False
2026-05-24T16:51:47.412560+00:00,78.54,50.61,76.36,False
2026-05-24T16:51:47.412561+00:00,83.52,39.8,70.38,False
2026-05-24T16:51:47.412570+00:00,74.69,36.41,73.99,False
2026-05-24T16:51:47.412571+00:00,83.1,54.26,78.3,False
2026-05-24T16:51:47.412573+00:00,80.19,44.08,79.21,False
2026-05-24T16:51:47.412574+00:00,82.45,50.62,76.62,False
2026-05-24T16:51:47.412576+00:00,73.88,54.85,61.34,False
2026-05-24T16:51:47.412577+00:00,87.58,43.97,79.61,False
2026-05-24T16:51:47.412578+00:00,72.99,41.25,78.04,False
2026-05-24T16:51:47.412580+00:00,88.79,52.62,75.65,False
2026-05-24T16:51:47.412581+00:00,73.6,45.25,78.22,False
2026-05-24T16:51:47.412582+00:00,70.14,44.17,76.19,False
2026-05-24T16:51:47.412584+00:00,107.51,77.73,120.6,True
2026-05-24T16:51:47.412585+00:00,72.07,43.86,63.56,False
2026-05-24T16:51:47.412587+00:00,89.47,37.3,65.78,False
2026-05-24T16:51:47.412588+00:00,74.86,35.61,68.01,False
2026-05-24T16:51:47.412589+00:00,76.24,45.59,77.25,False
2026-05-24T16:51:47.412591+00:00,82.43,38.37,64.1,False
2026-05-24T16:51:47.412592+00:00,84.18,49.62,69.97,False
2026-05-24T16:51:47.412593+00:00,82.29,38.71,79.13,False
2026-05-24T16:51:47.412595+00:00,86.41,41.5,65.09,False
2026-05-24T16:51:47.412596+00:00,86.89,49.41,68.04,False
2026-05-24T16:51:47.412597+00:00,70.38,52.93,61.87,False
2026-05-24T16:51:47.412599+00:00,75.7,51.11,65.14,False
2026-05-24T16:51:47.412600+00:00,74.01,42.35,64.7,False
2026-05-24T16:51:47.412601+00:00,73.57,45.44,71.29,False
2026-05-24T16:51:47.412603+00:00,71.59,38.27,76.85,False
2026-05-24T16:51:47.412604+00:00,86.18,35.0,66.6,False
2026-05-24T16:51:47.412605+00:00,85.62,36.33,75.44,False
2026-05-24T16:51:47.412606+00:00,71.09,46.03,78.16,False
2026-05-24T16:51:47.412608+00:00,80.46,46.05,60.96,False
2026-05-24T16:51:47.412609+00:00,77.21,53.43,60.34,False
2026-05-24T16:51:47.412611+00:00,76.35,45.18,67.97,False
2026-05-24T16:51:47.412612+00:00,104.42,70.69,107.87,True
2026-05-24T16:51:47.412613+00:00,71.07,35.52,68.63,False
2026-05-24T16:51:47.412615+00:00,79.33,35.11,79.41,False
2026-05-24T16:51:47.412616+00:00,76.72,38.44,69.16,False
2026-05-24T16:51:47.412618+00:00,80.24,53.72,71.06,False
2026-05-24T16:51:47.412619+00:00,104.86,89.18,99.2,True
2026-05-24T16:51:47.412620+00:00,71.53,54.68,78.94,False
2026-05-24T16:51:47.412622+00:00,83.75,42.47,76.82,False
2026-05-24T16:51:47.412623+00:00,78.26,49.25,64.17,False
2026-05-24T16:51:47.412624+00:00,83.66,46.91,63.17,False
2026-05-24T16:51:47.412627+00:00,83.36,52.54,75.34,False
2026-05-24T16:51:47.412628+00:00,76.2,44.38,60.83,False
2026-05-24T16:51:47.412629+00:00,77.24,36.51,60.87,False
2026-05-24T16:51:47.412631+00:00,78.35,54.25,75.31,False
2026-05-24T16:51:47.412632+00:00,73.31,35.6,64.53,False
2026-05-24T16:51:47.412634+00:00,70.01,54.34,64.45,False
2026-05-24T16:51:47.412635+00:00,77.0,50.52,79.83,False
2026-05-24T16:51:47.412636+00:00,82.25,51.32,74.53,False
2026-05-24T16:51:47.412638+00:00,82.2,39.1,78.2,False
2026-05-24T16:51:47.412639+00:00,106.28,90.11,106.99,True
2026-05-24T16:51:47.412640+00:00,73.41,51.77,71.64,False
2026-05-24T16:51:47.412641+00:00,73.61,50.48,68.21,False
2026-05-24T16:51:47.412643+00:00,81.32,43.13,60.36,False
2026-05-24T16:51:47.412644+00:00,73.42,35.62,76.04,False
2026-05-24T16:51:47.412646+00:00,70.93,39.27,70.12,False
2026-05-24T16:51:47.412647+00:00,89.03,51.21,77.51,False
2026-05-24T16:51:47.412648+00:00,80.85,50.48,77.38,False
2026-05-24T16:51:47.412650+00:00,78.31,49.72,68.77,False
2026-05-24T16:51:47.412651+00:00,73.36,41.91,77.77,False
2026-05-24T16:51:47.412652+00:00,75.51,35.64,76.61,False
2026-05-24T16:51:47.412653+00:00,82.12,48.6,70.91,False
2026-05-24T16:51:47.412655+00:00,87.11,46.74,79.81,False
2026-05-24T16:51:47.412656+00:00,104.03,79.83,106.09,True
2026-05-24T16:51:47.412657+00:00,102.24,79.48,102.04,True
2026-05-24T16:51:47.412659+00:00,75.31,46.64,60.41,False
2026-05-24T16:51:47.412660+00:00,82.26,41.39,68.11,False
2026-05-24T16:51:47.412662+00:00,80.06,42.45,71.37,False
2026-05-24T16:51:47.412663+00:00,72.78,52.88,60.67,False
2026-05-24T16:51:47.412664+00:00,77.95,44.26,61.05,False
2026-05-24T16:51:47.412666+00:00,74.48,45.21,69.76,False
2026-05-24T16:51:47.412667+00:00,107.02,83.87,104.97,True
2026-05-24T16:51:47.412668+00:00,73.03,35.82,69.75,False
2026-05-24T16:51:47.412669+00:00,73.63,51.36,66.81,False
2026-05-24T16:51:47.412671+00:00,77.55,53.42,67.52,False
2026-05-24T16:51:47.412672+00:00,75.7,44.72,78.24,False
2026-05-24T16:51:47.412673+00:00,72.21,40.89,75.44,False
2026-05-24T16:51:47.412675+00:00,111.23,91.14,121.05,True
2026-05-24T16:51:47.412676+00:00,70.48,50.4,60.78,False
2026-05-24T16:51:47.412677+00:00,70.64,38.74,62.31,False
2026-05-24T16:51:47.412679+00:00,82.05,39.63,70.55,False
2026-05-24T16:51:47.412680+00:00,76.9,43.68,62.13,False
2026-05-24T16:51:47.412681+00:00,89.29,47.55,74.1,False
2026-05-24T16:51:47.412683+00:00,73.33,51.72,72.63,False
2026-05-24T16:51:47.412684+00:00,72.16,46.07,62.59,False
2026-05-24T16:51:47.412685+00:00,84.53,52.64,65.2,False
2026-05-24T16:51:47.412687+00:00,82.23,43.39,62.24,False
2026-05-24T16:51:47.412688+00:00,83.42,42.06,68.48,False
2026-05-24T16:51:47.412689+00:00,90.0,45.46,77.8,False
2026-05-24T16:51:47.412691+00:00,70.69,42.49,78.77,False
2026-05-24T16:51:47.412692+00:00,74.21,46.7,76.77,False
2026-05-24T16:51:47.412693+00:00,70.7,38.52,78.12,False
2026-05-24T16:51:47.412695+00:00,88.7,43.25,62.26,False
2026-05-24T16:51:47.412696+00:00,105.16,85.01,110.55,True
2026-05-24T16:51:47.412697+00:00,79.89,48.91,73.35,False
2026-05-24T16:51:47.412698+00:00,82.48,40.36,65.28,False
2026-05-24T16:51:47.412700+00:00,75.95,50.16,75.88,False
2026-05-24T16:51:47.412701+00:00,129.94,90.16,123.6,True
2026-05-24T16:51:47.412702+00:00,78.38,47.8,75.61,False
2026-05-24T16:51:47.412704+00:00,83.26,36.97,69.83,False
2026-05-24T16:51:47.412705+00:00,102.67,83.08,105.1,True
2026-05-24T16:51:47.412706+00:00,73.48,38.18,60.05,False
2026-05-24T16:51:47.412708+00:00,77.76,38.85,63.34,False
2026-05-24T16:51:47.412709+00:00,81.34,38.43,77.45,False
2026-05-24T16:51:47.412710+00:00,89.46,37.5,64.1,False
2026-05-24T16:51:47.412712+00:00,75.44,37.73,76.14,False
2026-05-24T16:51:47.412714+00:00,85.99,43.18,69.22,False
2026-05-24T16:51:47.412716+00:00,72.83,47.66,65.12,False
2026-05-24T16:51:47.412717+00:00,70.93,48.21,65.95,False
2026-05-24T16:51:47.412718+00:00,84.27,36.32,60.78,False
2026-05-24T16:51:47.412719+00:00,80.83,45.34,70.57,False
2026-05-24T16:51:47.412721+00:00,74.11,35.5,71.03,False
2026-05-24T16:51:47.412722+00:00,78.61,43.18,67.47,False
2026-05-24T16:51:47.412723+00:00,80.73,45.84,64.24,False
2026-05-24T16:51:47.412725+00:00,79.0,38.58,75.97,False
2026-05-24T16:51:47.412726+00:00,70.32,47.15,76.01,False
2026-05-24T16:51:47.412727+00:00,75.69,47.35,71.36,False
2026-05-24T16:51:47.412729+00:00,79.44,50.38,74.33,False
2026-05-24T16:51:47.412730+00:00,80.01,48.65,76.29,False
2026-05-24T16:51:47.412731+00:00,78.8,53.7,61.54,False
2026-05-24T16:51:47.412733+00:00,78.57,52.85,68.44,False
2026-05-24T16:51:47.412734+00:00,89.31,48.42,70.6,False
2026-05-24T16:51:47.412735+00:00,113.89,76.5,127.55,True
2026-05-24T16:51:47.412737+00:00,77.62,45.7,72.19,False
2026-05-24T16:51:47.412738+00:00,88.89,49.45,69.67,False
2026-05-24T16:51:47.412739+00:00,76.84,49.89,66.22,False
2026-05-24T16:51:47.412741+00:00,79.97,52.06,60.97,False
2026-05-24T16:51:47.412742+00:00,83.51,44.42,60.44,False
2026-05-24T16:51:47.412744+00:00,89.68,52.48,75.72,False
2026-05-24T16:51:47.412745+00:00,73.44,36.14,63.14,False
2026-05-24T16:51:47.412746+00:00,75.19,51.62,74.98,False
2026-05-24T16:51:47.412747+00:00,81.34,35.03,61.85,False
2026-05-24T16:51:47.412749+00:00,74.35,51.28,62.55,False
2026-05-24T16:51:47.412750+00:00,85.16,41.62,75.91,False
2026-05-24T16:51:47.412751+00:00,80.54,51.43,73.5,False
2026-05-24T16:51:47.412753+00:00,100.32,93.15,100.31,True
2026-05-24T16:51:47.412754+00:00,80.35,53.1,79.44,False
2026-05-24T16:51:47.412755+00:00,70.27,38.08,75.59,False
2026-05-24T16:51:47.412757+00:00,83.02,35.71,73.76,False
2026-05-24T16:51:47.412758+00:00,71.3,46.24,76.97,False
2026-05-24T16:51:47.412759+00:00,80.67,48.45,73.52,False
2026-05-24T16:51:47.412761+00:00,84.75,54.36,70.34,False
2026-05-24T16:51:47.412762+00:00,79.68,36.54,71.35,False
2026-05-24T16:51:47.412763+00:00,82.35,47.28,68.16,False
2026-05-24T16:51:47.412765+00:00,74.57,42.81,63.0,False
2026-05-24T16:51:47.412766+00:00,79.17,49.52,79.24,False
2026-05-24T16:51:47.412767+00:00,83.75,37.03,67.33,False
2026-05-24T16:51:47.412768+00:00,74.96,42.58,73.59,False
2026-05-24T16:51:47.412770+00:00,108.29,82.65,99.49,True
2026-05-24T16:51:47.412771+00:00,127.15,88.6,101.03,True
2026-05-24T16:51:47.412773+00:00,78.5,46.47,70.52,False
2026-05-24T16:51:47.412774+00:00,74.55,43.98,77.26,False
2026-05-24T16:51:47.412775+00:00,70.14,37.36,62.02,False
2026-05-24T16:51:47.412776+00:00,71.48,47.18,70.77,False
2026-05-24T16:51:47.412778+00:00,101.24,86.15,124.23,True
2026-05-24T16:51:47.412779+00:00,78.41,44.63,74.08,False
2026-05-24T16:51:47.412780+00:00,78.76,49.62,73.58,False
2026-05-24T16:51:47.412782+00:00,72.43,42.67,79.0,False
2026-05-24T16:51:47.412783+00:00,88.54,37.3,68.13,False
2026-05-24T16:51:47.412785+00:00,104.49,85.54,128.74,True
2026-05-24T16:51:47.412786+00:00,85.38,36.1,75.26,False
2026-05-24T16:51:47.412788+00:00,88.13,48.22,73.06,False
2026-05-24T16:51:47.412790+00:00,106.35,72.87,105.98,True
2026-05-24T16:51:47.412791+00:00,76.65,36.28,78.13,False
2026-05-24T16:51:47.412792+00:00,84.66,49.01,71.01,False
2026-05-24T16:51:47.412794+00:00,75.74,48.49,65.45,False
2026-05-24T16:51:47.412795+00:00,81.47,44.06,71.08,False
2026-05-24T16:51:47.412796+00:00,80.27,39.18,61.07,False
2026-05-24T16:51:47.412799+00:00,82.06,49.1,65.77,False
2026-05-24T16:51:47.412800+00:00,73.47,47.0,70.47,False
2026-05-24T16:51:47.412801+00:00,89.85,52.77,61.46,False
2026-05-24T16:51:47.412803+00:00,74.48,43.04,69.3,False
2026-05-24T16:51:47.412804+00:00,80.09,50.5,79.49,False
2026-05-24T16:51:47.412805+00:00,71.24,49.79,78.23,False
2026-05-24T16:51:47.412807+00:00,86.57,45.17,68.54,False
2026-05-24T16:51:47.412808+00:00,87.06,35.7,60.85,False
2026-05-24T16:51:47.412809+00:00,78.21,42.65,78.25,False
2026-05-24T16:51:47.412811+00:00,114.73,70.04,106.33,True
2026-05-24T16:51:47.412812+00:00,75.17,40.6,70.54,False
2026-05-24T16:51:47.412814+00:00,75.58,42.07,63.92,False
2026-05-24T16:51:47.412815+00:00,88.15,54.25,72.3,False
2026-05-24T16:51:47.412816+00:00,74.76,53.65,62.48,False
2026-05-24T16:51:47.412818+00:00,85.91,44.58,67.88,False
2026-05-24T16:51:47.412819+00:00,76.58,49.13,77.02,False
2026-05-24T16:51:47.412821+00:00,76.15,47.17,71.93,False
2026-05-24T16:51:47.412822+00:00,73.01,36.92,67.72,False
2026-05-24T16:51:47.412823+00:00,73.5,43.86,73.93,False
2026-05-24T16:51:47.412825+00:00,76.4,37.94,65.3,False
2026-05-24T16:51:47.412826+00:00,73.25,51.74,63.19,False
2026-05-24T16:51:47.412827+00:00,88.33,48.19,72.56,False
2026-05-24T16:51:47.412829+00:00,88.8,53.07,61.33,False
2026-05-24T16:51:47.412830+00:00,83.54,36.14,71.03,False
2026-05-24T16:51:47.412831+00:00,76.17,49.87,60.25,False
2026-05-24T16:51:47.412833+00:00,87.29,50.99,74.48,False
2026-05-24T16:51:47.412834+00:00,78.73,48.7,63.1,False
2026-05-24T16:51:47.412835+00:00,85.05,44.52,67.65,False
2026-05-24T16:51:47.412837+00:00,80.82,41.25,63.78,False
2026-05-24T16:51:47.412838+00:00,72.92,41.03,68.8,False
2026-05-24T16:51:47.412839+00:00,74.53,47.54,72.64,False
2026-05-24T16:51:47.412840+00:00,80.53,50.37,77.85,False
2026-05-24T16:51:47.412842+00:00,85.71,39.25,65.3,False
2026-05-24T16:51:47.412843+00:00,82.33,42.73,75.19,False
2026-05-24T16:51:47.412845+00:00,87.83,55.0,79.06,False
2026-05-24T16:51:47.412846+00:00,88.54,35.83,73.51,False
2026-05-24T16:51:47.412847+00:00,128.48,74.87,98.69,True
2026-05-24T16:51:47.412849+00:00,73.22,51.97,63.74,False
2026-05-24T16:51:47.412851+00:00,89.95,49.29,74.06,False
2026-05-24T16:51:47.412852+00:00,111.23,91.82,114.92,True
2026-05-24T16:51:47.412853+00:00,76.76,46.84,61.94,False
2026-05-24T16:51:47.412855+00:00,73.08,39.97,76.46,False
2026-05-24T16:51:47.412856+00:00,75.11,52.33,67.83,False
2026-05-24T16:51:47.412858+00:00,71.04,40.9,74.55,False
2026-05-24T16:51:47.412859+00:00,82.65,38.24,69.72,False
2026-05-24T16:51:47.412861+00:00,71.69,49.01,72.79,False
2026-05-24T16:51:47.412863+00:00,72.03,41.65,75.62,False
2026-05-24T16:51:47.412864+00:00,76.62,47.27,63.23,False
2026-05-24T16:51:47.412866+00:00,83.08,48.32,60.13,False
2026-05-24T16:51:47.412868+00:00,87.4,47.56,79.92,False
2026-05-24T16:51:47.412869+00:00,76.24,53.84,61.36,False
2026-05-24T16:51:47.412871+00:00,84.15,38.5,64.31,False
2026-05-24T16:51:47.412873+00:00,83.24,43.52,70.67,False
2026-05-24T16:51:47.412874+00:00,70.98,39.48,72.9,False
2026-05-24T16:51:47.412876+00:00,89.58,40.74,62.56,False
2026-05-24T16:51:47.412877+00:00,72.02,36.46,75.52,False
2026-05-24T16:51:47.412878+00:00,83.78,47.54,76.61,False
2026-05-24T16:51:47.412880+00:00,83.06,41.68,60.84,False
2026-05-24T16:51:47.412881+00:00,80.96,53.52,74.2,False
2026-05-24T16:51:47.412882+00:00,78.73,53.69,76.12,False
2026-05-24T16:51:47.412884+00:00,78.18,49.54,60.76,False
2026-05-24T16:51:47.412885+00:00,83.68,50.94,74.54,False
2026-05-24T16:51:47.412886+00:00,81.8,43.28,60.67,False
2026-05-24T16:51:47.412888+00:00,72.99,52.61,71.32,False
2026-05-24T16:51:47.412889+00:00,87.8,45.8,73.07,False
2026-05-24T16:51:47.412890+00:00,83.34,50.25,71.62,False
2026-05-24T16:51:47.412892+00:00,105.07,91.8,95.25,True
2026-05-24T16:51:47.412893+00:00,80.98,49.6,62.26,False
2026-05-24T16:51:47.412895+00:00,89.18,46.73,67.92,False
2026-05-24T16:51:47.412896+00:00,89.41,35.2,70.24,False
2026-05-24T16:51:47.412897+00:00,85.09,52.4,77.8,False
2026-05-24T16:51:47.412899+00:00,89.24,43.46,78.79,False
2026-05-24T16:51:47.412900+00:00,86.19,36.65,68.49,False
2026-05-24T16:51:47.412901+00:00,83.52,49.0,76.02,False
2026-05-24T16:51:47.412903+00:00,76.37,51.06,66.34,False
2026-05-24T16:51:47.412904+00:00,113.66,93.27,95.8,True
2026-05-24T16:51:47.412905+00:00,79.49,46.1,70.65,False
2026-05-24T16:51:47.412907+00:00,103.43,86.2,128.96,True
2026-05-24T16:51:47.412908+00:00,116.79,92.14,96.29,True
2026-05-24T16:51:47.412910+00:00,117.88,85.38,99.4,True
2026-05-24T16:51:47.412911+00:00,73.19,45.11,65.14,False
2026-05-24T16:51:47.412912+00:00,85.66,50.39,71.14,False
2026-05-24T16:51:47.412914+00:00,85.21,53.68,72.39,False
2026-05-24T16:51:47.412915+00:00,70.52,48.49,61.73,False
2026-05-24T16:51:47.412917+00:00,89.43,45.7,74.51,False
2026-05-24T16:51:47.412919+00:00,113.06,91.17,124.73,True
2026-05-24T16:51:47.412921+00:00,85.43,54.21,67.48,False
2026-05-24T16:51:47.412923+00:00,70.54,47.14,69.49,False
2026-05-24T16:51:47.412925+00:00,80.37,49.72,60.56,False
2026-05-24T16:51:47.412927+00:00,75.42,35.86,72.86,False
2026-05-24T16:51:47.412929+00:00,70.34,54.44,76.62,False
2026-05-24T16:51:47.412931+00:00,72.12,45.92,65.84,False
2026-05-24T16:51:47.412933+00:00,72.99,51.36,78.14,False
2026-05-24T16:51:47.412935+00:00,77.76,45.72,76.45,False
2026-05-24T16:51:47.412937+00:00,83.16,37.31,69.47,False
2026-05-24T16:51:47.412939+00:00,75.33,44.32,66.19,False
2026-05-24T16:51:47.412941+00:00,75.31,46.89,77.87,False
2026-05-24T16:51:47.412942+00:00,89.62,46.94,68.23,False
2026-05-24T16:51:47.412944+00:00,78.84,40.94,77.37,False
2026-05-24T16:51:47.412946+00:00,85.27,52.19,69.27,False
2026-05-24T16:51:47.412948+00:00,78.63,49.68,62.23,False
2026-05-24T16:51:47.412950+00:00,83.98,46.12,63.88,False
2026-05-24T16:51:47.412952+00:00,82.91,53.64,65.13,False
2026-05-24T16:51:47.412954+00:00,106.72,82.24,100.28,True
2026-05-24T16:51:47.412956+00:00,128.49,79.33,101.93,True
2026-05-24T16:51:47.412958+00:00,81.55,50.18,79.1,False
2026-05-24T16:51:47.412960+00:00,71.55,47.68,69.84,False
2026-05-24T16:51:47.412962+00:00,89.75,43.56,69.62,False
2026-05-24T16:51:47.412965+00:00,77.15,47.65,73.51,False
2026-05-24T16:51:47.412967+00:00,100.91,94.29,116.54,True
2026-05-24T16:51:47.412968+00:00,86.62,44.18,75.97,False
2026-05-24T16:51:47.412970+00:00,79.27,37.34,63.97,False
2026-05-24T16:51:47.412971+00:00,83.34,43.9,70.66,False
2026-05-24T16:51:47.412973+00:00,83.46,46.33,72.75,False
2026-05-24T16:51:47.412974+00:00,88.43,38.08,63.22,False
2026-05-24T16:51:47.412975+00:00,89.98,38.15,61.63,False
2026-05-24T16:51:47.412976+00:00,74.23,36.72,62.34,False
2026-05-24T16:51:47.412978+00:00,79.27,38.5,60.79,False
2026-05-24T16:51:47.412979+00:00,70.9,51.86,71.82,False
2026-05-24T16:51:47.412980+00:00,103.44,92.92,100.5,True
2026-05-24T16:51:47.412982+00:00,70.28,36.19,72.6,False
2026-05-24T16:51:47.412983+00:00,74.37,53.06,76.2,False
2026-05-24T16:51:47.412984+00:00,83.96,46.0,71.39,False
2026-05-24T16:51:47.412986+00:00,89.72,46.21,76.99,False
2026-05-24T16:51:47.412987+00:00,70.48,41.44,68.75,False
2026-05-24T16:51:47.412988+00:00,77.71,37.83,75.2,False
2026-05-24T16:51:47.412990+00:00,87.45,45.18,78.41,False
2026-05-24T16:51:47.412992+00:00,72.1,38.02,64.62,False
2026-05-24T16:51:47.412993+00:00,110.41,73.39,97.04,True
2026-05-24T16:51:47.412994+00:00,89.5,35.99,68.26,False
2026-05-24T16:51:47.412996+00:00,77.1,38.3,64.35,False
2026-05-24T16:51:47.412998+00:00,81.16,45.28,75.75,False
2026-05-24T16:51:47.412999+00:00,86.54,49.71,68.37,False
2026-05-24T16:51:47.413000+00:00,84.49,45.7,62.62,False
2026-05-24T16:51:47.413002+00:00,72.97,35.36,63.43,False
2026-05-24T16:51:47.413003+00:00,88.5,46.01,72.2,False
2026-05-24T16:51:47.413004+00:00,85.6,48.52,76.46,False
2026-05-24T16:51:47.413006+00:00,82.55,36.8,75.61,False
2026-05-24T16:51:47.413007+00:00,78.61,44.58,69.77,False
2026-05-24T16:51:47.413008+00:00,78.27,44.98,69.04,False
2026-05-24T16:51:47.413010+00:00,129.92,73.18,99.21,True
2026-05-24T16:51:47.413011+00:00,70.94,48.93,79.92,False
2026-05-24T16:51:47.413012+00:00,88.63,54.02,73.78,False
2026-05-24T16:51:47.413014+00:00,71.21,35.26,78.9,False
2026-05-24T16:51:47.413015+00:00,81.43,54.05,74.36,False
2026-05-24T16:51:47.413017+00:00,71.67,50.96,69.66,False
2026-05-24T16:51:47.413018+00:00,78.73,47.89,73.7,False
2026-05-24T16:51:47.413019+00:00,70.05,43.12,64.92,False
2026-05-24T16:51:47.413021+00:00,73.49,35.78,75.06,False
2026-05-24T16:51:47.413022+00:00,76.38,38.3,72.29,False
2026-05-24T16:51:47.413023+00:00,84.76,46.72,76.03,False
2026-05-24T16:51:47.413025+00:00,76.95,49.09,77.65,False
2026-05-24T16:51:47.413026+00:00,88.64,48.7,72.99,False
2026-05-24T16:51:47.413027+00:00,87.43,43.99,75.31,False
2026-05-24T16:51:47.413028+00:00,86.84,46.84,73.76,False
2026-05-24T16:51:47.413030+00:00,83.3,38.73,71.07,False
2026-05-24T16:51:47.413031+00:00,74.13,54.14,75.51,False
2026-05-24T16:51:47.413032+00:00,72.52,49.8,74.75,False
